id,minutes,n_ingredients
204134,5,3
25623,6,4
484223,18,4
66842,2,4
360691,13,4
111500,15,4
271217,10,4
180800,5,3
523799,5,4
445183,5,2
200562,10,3
280680,5,4
454119,10,4
270542,5,4
223668,4,3
126410,2,4
297272,10,4
144591,10,4
120835,5,3
352940,1,3
356517,18,4
9751,7,4
44999,10,3
39985,2,2
146546,13,3
137167,5,3
264945,3,3
108469,10,4
358814,10,3
240208,10,3
189621,3,2
93249,13,3
99491,15,4
69640,10,2
254951,2,2
335180,5,2
178128,1,4
34765,1,4
137916,1,3
230188,5,4
155329,15,4
20782,14,4
34923,15,4
436741,5,2
387691,5,3
428239,10,3
38582,10,3
451374,5,3
3095,10,2
219732,5,3
264490,5,4
24193,10,4
369982,7,3
78696,15,4
446888,15,3
129967,2,3
191607,10,4
185915,5,4
221349,15,4
98708,15,4
152760,8,3
22787,15,4
82773,10,4
114567,3,4
176248,5,4
217799,5,4
292887,5,3
341801,15,4
181653,15,4
417565,2,2
277495,2,4
375886,5,3
514164,11,3
274250,4,3
295759,5,4
281119,1,4
448064,5,4
305283,5,4
321046,10,4
165720,5,4
214125,5,3
109384,18,4
307496,5,2
263512,15,2
193350,5,3
424830,15,4
277093,9,4
57768,15,3
191976,5,4
181666,1,3
317517,5,4
69934,5,4
195559,3,4
427787,2,4
36020,5,3
33474,10,4
311464,10,3
307608,10,3
482506,10,4
221612,10,4
123920,15,4
369602,10,4
225023,5,2
8489,5,4
293752,3,3
135098,10,4
199138,16,3
14434,1,4
260283,5,4
62914,5,3
137704,5,4
17689,1,3
200378,5,2
114734,2,3
407558,10,2
277242,6,3
301175,10,3
59365,11,3
395157,5,3
319838,5,4
150561,5,3
167578,5,4
483321,6,3
276716,18,4
100784,10,4
151176,4,2
311406,5,4
24210,5,3
107408,15,3
252725,17,4
208806,15,4
243828,15,3
490620,10,4
159530,6,4
29620,4,4
236170,18,4
166735,10,4
420543,5,4
151381,4,4
93331,10,4
143119,3,4
359936,15,4
460318,15,3
422018,5,3
256215,11,4
59929,5,4
238626,2,3
448585,2,3
277757,5,3
28502,5,4
327461,5,4
99530,9,4
393666,5,3
30392,5,3
279303,5,4
111838,10,3
243642,12,3
110671,2,3
244578,1,3
322799,10,4
227044,5,3
139382,5,4
168154,14,4
417553,19,4
307974,3,4
527456,11,3
252765,2,3
243011,5,3
53186,5,4
132244,8,3
444483,15,4
261358,5,2
22624,15,3
283515,17,4
272713,6,3
391878,5,3
191026,5,3
386659,10,4
279983,2,2
249983,5,3
347791,5,4
201810,5,4
387839,5,2
325336,5,3
321643,4,3
228880,5,4
406902,13,2
172713,2,4
508734,13,4
188187,5,4
42987,0,4
15431,15,4
482453,15,2
189941,10,4
93058,5,3
375050,15,3
5281,0,4
134161,11,4
208419,5,4
172185,5,4
32751,10,4
130735,5,2
323124,5,4
4131,0,4
127847,15,3
54209,1,3
104471,14,4
18168,15,3
279762,2,3
267667,5,3
369907,5,4
171083,5,3
186879,10,4
39707,5,4
299177,3,3
457262,2,2
318313,10,4
333025,3,4
241303,5,4
477707,15,4
292469,5,4
140488,5,3
208181,5,4
503315,5,4
331277,3,3
360561,5,4
239752,5,2
338900,18,4
129159,5,3
398173,5,4
246159,2,4
120760,5,2
415169,10,4
132249,6,4
334486,3,4
72207,15,3
35115,12,4
214415,3,2
34250,15,3
238451,15,4
359346,10,4
70864,15,4
447249,10,4
288413,13,4
450137,5,3
171621,10,4
447927,15,2
279783,10,4
321580,5,4
474878,5,4
103168,4,4
345260,6,2
390782,3,3
106899,2,4
392676,5,4
70172,5,4
174323,10,3
413535,15,4
283430,5,3
293618,10,4
112327,5,3
376371,10,4
193381,2,2
140524,16,4
359542,5,4
238212,1,3
419233,5,4
155047,5,4
352667,15,3
415964,2,4
215902,15,2
428125,2,2
11867,5,2
455632,10,3
398539,2,2
351950,15,4
24149,4,4
57875,10,2
130766,5,3
180696,3,4
208965,7,4
390800,10,4
24609,5,4
192858,5,4
122154,5,3
140628,5,4
340076,1,2
317649,10,4
242531,2,2
104130,15,4
387678,8,3
248370,15,4
253235,6,3
308925,10,3
246964,6,4
179391,5,4
251053,10,4
403126,5,3
69019,7,3
37060,10,4
461458,12,3
168334,7,4
272879,18,3
326304,2,3
193134,10,3
184718,10,3
503681,15,4
45316,15,3
10083,0,2
226300,15,3
231666,10,3
279511,5,3
139772,12,3
189448,5,4
327297,5,4
358003,2,4
34602,2,4
480635,10,4
416000,18,3
155152,10,3
172384,5,4
24506,5,3
415248,4,3
202023,7,4
193560,1,4
504866,15,4
43692,10,3
352099,10,4
100085,16,3
28439,15,4
94819,5,4
185105,10,4
8440,5,4
332588,15,4
49719,12,4
103220,15,4
87449,10,4
209608,10,4
476441,15,3
235595,7,3
152968,8,4
421487,5,3
13315,15,3
332069,10,4
254430,5,4
313903,1,4
279565,5,4
426929,15,4
51949,10,4
64586,15,4
387716,6,4
373605,10,4
238838,2,2
337582,10,4
105567,5,3
514,10,4
21462,12,4
277683,10,4
293102,10,4
17204,10,4
406071,10,4
250445,15,4
261311,15,4
228819,17,2
48822,2,2
248191,10,4
32879,10,3
494047,10,4
500615,13,3
342249,5,4
334809,2,2
134330,10,4
111348,8,3
10924,5,3
30205,11,3
252052,15,4
254538,10,2
106571,7,4
43693,15,3
338790,5,4
83835,15,4
119021,5,4
178526,12,3
492861,13,4
127091,4,4
163788,10,4
26714,10,2
202941,5,2
7104,0,4
100882,5,3
244094,10,4
4464,0,4
270387,5,2
424879,3,4
54779,10,4
150312,10,3
143813,16,4
95926,5,3
249242,5,4
225779,5,3
298655,5,4
179564,2,3
58596,2,3
325624,2,4
251142,5,3
482445,5,3
44818,1,2
422538,5,4
517912,5,4
42246,5,4
208977,15,4
219802,2,3
243991,5,2
224153,15,3
353145,5,4
153481,5,3
263573,5,3
181004,5,3
465221,5,4
464567,12,3
202537,18,4
400157,5,4
18300,10,4
204570,5,3
241362,5,4
37212,15,4
291136,2,3
156454,10,4
334906,18,4
224906,3,3
183727,2,3
426449,10,4
383688,5,4
458032,10,4
8826,5,3
527687,10,4
222463,18,4
356754,5,4
364374,5,4
194327,10,4
32826,3,3
219705,3,3
474940,15,4
253037,5,4
245607,5,4
87183,7,4
169180,5,4
251127,2,3
485430,10,4
283186,10,4
326639,4,2
253245,1,2
60464,5,4
292834,2,4
249718,15,4
309304,2,4
374335,2,3
158788,10,4
361733,5,4
361604,5,2
261095,5,3
149901,5,2
24729,3,4
391614,2,4
292025,10,4
169141,5,4
312930,10,4
4591,0,3
130947,12,4
374731,3,3
458186,5,4
290897,10,3
284621,2,4
188159,2,3
210623,5,4
93704,5,4
94620,2,3
281232,2,2
2770,0,4
32797,3,3
118057,15,4
193738,5,3
152737,15,4
210258,10,4
178771,5,4
98783,10,4
311576,5,3
372351,5,4
378378,5,4
393426,5,4
357985,10,4
475307,5,4
154157,5,4
119735,5,4
89158,15,4
32719,5,3
506226,8,3
191433,5,4
40577,10,3
11518,10,4
198519,10,4
277579,7,4
279029,10,4
126679,6,3
70847,8,2
424908,5,4
303966,1,2
192289,10,3
171578,10,3
174152,10,3
81888,5,4
148343,3,3
193005,15,4
364934,15,3
340328,12,4
251512,8,4
211700,5,4
471828,5,4
281387,15,2
55749,4,4
283859,17,4
156123,5,4
48133,5,4
135059,5,3
47057,5,4
477085,5,4
353387,2,3
208159,5,4
449722,17,4
304536,15,3
248154,7,4
449287,5,4
8842,5,4
106607,15,4
254932,2,3
155409,9,3
155855,6,4
230196,8,4
176453,10,2
279210,5,4
265828,10,4
457337,5,4
209806,10,4
219349,17,4
356778,10,3
435046,6,2
417790,15,4
140080,12,3
415958,2,4
128526,7,2
156703,15,4
306178,5,4
30771,15,3
455917,5,4
28132,3,4
335865,17,4
393809,8,4
231982,15,4
428901,5,4
201845,12,4
227166,5,3
268594,10,3
404984,7,3
247592,15,4
92140,5,4
28427,10,3
86467,1,3
200220,6,3
31082,10,4
134321,15,4
137370,5,3
246872,15,4
175243,10,4
133448,10,4
51981,10,3
291770,5,4
104585,5,3
13526,13,3
418642,15,3
416068,3,4
53337,2,3
80689,10,4
312876,15,2
487183,5,4
152841,6,2
209691,16,3
118906,4,2
477446,5,4
203193,10,4
399220,5,4
222991,4,3
427269,3,4
120088,8,3
191123,15,4
451094,10,3
327750,2,3
339996,13,4
186964,5,4
40041,15,3
37493,10,4
310189,10,4
218545,5,4
240947,4,3
183766,11,4
117963,15,4
158571,16,3
71060,10,4
98203,1,4
459604,4,4
81323,3,4
182125,3,3
106819,6,3
283241,3,4
220994,3,4
47322,15,4
163734,15,3
259451,3,3
44699,10,4
136960,15,4
94997,10,3
373716,10,3
335166,10,4
103134,15,4
182409,5,4
460111,4,4
39492,12,3
238566,2,3
370585,2,3
11263,12,3
129306,10,4
347039,10,4
172097,5,2
112562,10,4
13836,15,4
257888,17,2
367115,12,3
244123,2,3
160357,5,4
87395,5,2
10522,10,4
169086,5,2
224842,5,4
240089,5,4
53355,15,4
137264,3,3
363756,10,4
170587,15,4
348665,5,4
378221,2,4
63782,3,4
187741,10,4
211242,5,4
149121,5,4
298040,5,1
378458,7,4
264525,10,3
197699,14,4
104470,15,4
227785,15,3
344032,16,4
198930,15,2
163971,3,3
405481,17,4
372990,2,3
504734,10,3
432958,15,4
438773,5,2
118822,10,2
325766,10,3
273841,2,4
424287,3,3
505623,2,2
402216,10,4
195792,10,2
114867,5,3
35355,10,4
464240,5,4
111223,5,3
451660,4,3
423072,2,3
457033,2,2
416334,1,2
134711,10,1
136739,1,2
93428,10,3
291207,8,4
258451,5,4
274252,4,2
172780,17,2
28461,14,3
515035,10,3
308423,18,4
264242,15,4
95290,10,4
448309,15,4
327267,2,3
117311,10,3
432837,10,3
188612,10,3
209287,2,4
290308,10,4
85527,5,4
66090,5,4
93777,5,3
123142,3,4
149112,5,3
51653,19,4
42670,15,4
38148,1,3
40769,15,4
10305,10,4
262409,2,2
137963,5,4
334261,8,4
110923,5,4
134714,4,2
257732,12,3
280992,5,4
8621,10,3
366550,18,4
95921,10,4
57148,17,4
370550,10,4
314905,10,4
61620,5,4
125557,11,4
66354,15,4
184235,5,3
3847,0,4
174761,15,4
278282,5,4
61623,5,4
217248,5,3
202957,12,4
214536,3,2
115403,5,4
152193,10,4
307925,1,2
130474,15,4
216894,5,3
90389,6,4
371783,3,3
121254,3,4
418910,6,4
277893,5,3
416997,18,2
192364,5,3
273297,7,3
205571,2,4
350622,4,4
278888,10,4
420757,15,4
425894,5,4
121507,5,3
370890,2,3
165927,5,4
304906,5,4
281468,10,4
327712,16,4
346086,10,4
407259,3,4
395789,16,4
181302,5,4
191489,15,4
125918,15,4
239761,5,4
57315,5,3
21035,6,4
43557,19,4
409347,7,2
23561,10,4
151889,14,2
429321,6,4
180281,5,4
504144,12,4
88914,14,3
45640,5,4
426269,4,3
260312,15,3
389629,5,4
259043,1,3
52819,5,3
217747,18,4
345481,10,4
202307,5,4
385135,15,4
304852,5,4
206459,5,4
126649,15,4
87947,5,3
181910,1,4
72966,10,4
421209,10,3
483581,3,4
61817,1,2
153181,5,4
348359,5,4
289515,11,4
246690,2,4
229061,5,3
313164,5,3
147700,5,4
237726,10,4
214986,1,4
135316,10,4
321728,5,4
128322,10,2
412614,6,4
263906,10,3
388748,10,3
329931,15,2
209559,5,3
464530,10,3
325377,3,3
117989,5,4
348114,3,4
427299,8,3
393720,3,4
7442,5,4
193125,8,4
454794,5,4
99410,10,4
446126,10,4
333449,15,4
14775,12,3
122669,7,4
198562,15,4
318263,10,4
487503,5,4
37711,5,3
123591,2,2
284603,5,4
328941,10,3
176593,10,4
281063,3,3
289149,1,3
186648,5,4
265892,5,4
215228,15,4
214576,3,2
253004,5,4
108932,2,3
334665,10,4
110971,10,3
406610,5,3
278002,5,3
115589,5,4
188185,5,4
123546,3,4
283420,5,4
96407,16,4
97311,1,4
34909,10,4
38256,18,4
303671,2,3
85553,5,4
424558,5,4
468158,15,3
76680,2,3
184443,15,3
294590,6,4
210724,5,3
261295,3,3
240614,7,4
256109,10,4
180470,2,4
271316,2,4
214872,5,4
299767,2,2
322178,5,4
462559,2,4
381753,10,2
54680,5,4
52287,2,4
395272,10,4
423490,10,4
223363,5,4
284268,15,3
121423,5,2
312216,15,4
252455,6,3
166174,10,4
489158,5,4
137705,5,4
259689,5,4
367978,2,4
164149,5,3
415968,6,4
29431,12,3
365071,5,4
423428,2,3
183431,5,2
500043,15,4
295260,10,3
97874,2,2
200109,5,3
314282,15,4
262021,15,4
389442,2,3
293793,12,4
147239,10,3
348493,3,3
292104,15,4
225740,7,4
109866,15,3
98788,5,3
126287,10,3
430575,3,4
101544,12,4
108361,5,4
111280,2,4
309724,7,4
363779,15,3
126934,3,3
456954,2,4
447853,15,2
23322,10,3
89594,10,2
320131,2,3
515586,5,3
125287,5,4
375616,7,4
72439,15,4
393479,5,2
76515,10,4
55163,5,4
100284,8,4
165275,9,4
20133,14,4
90298,5,4
193674,1,3
493999,15,4
342660,5,4
144236,2,2
425086,5,3
43622,5,3
26651,5,3
330185,1,2
204597,10,2
458477,5,3
54325,12,4
139049,15,4
229172,5,4
503342,15,2
15495,5,2
328078,5,3
104374,5,4
154465,15,4
85148,17,3
101371,5,3
16062,10,3
123753,5,3
346291,2,3
356055,10,4
398897,5,2
166297,5,4
33820,10,3
169565,2,4
63051,17,3
172448,5,3
312212,2,4
330864,2,4
260608,2,3
102895,5,4
64915,4,4
456094,15,2
341431,5,3
101677,15,4
368993,2,2
75298,15,4
82731,3,2
392690,3,4
55606,6,4
417505,15,4
227297,15,2
230910,15,3
314516,5,4
463856,5,4
287570,18,4
227577,7,4
184329,5,4
88379,15,4
201448,15,3
221474,17,4
147431,5,2
169648,5,2
109267,3,3
71382,10,2
330290,15,4
20898,15,4
271749,17,2
195596,5,3
353542,15,4
39224,5,3
121956,10,3
244210,5,3
21170,10,4
118413,10,4
306608,5,3
454978,1,4
351516,2,3
461044,5,4
501408,10,3
134773,5,3
321420,3,3
97494,5,4
286386,2,4
173390,3,2
115912,5,3
318383,15,3
25891,5,4
104799,15,3
330488,10,2
119345,15,2
286478,5,4
147782,10,3
87255,5,4
327251,15,4
277907,1,3
168339,15,3
66349,12,3
422928,5,3
273080,2,4
64662,2,4
254784,5,2
226408,10,3
293757,2,4
822,8,3
220439,15,4
13763,5,2
219944,3,2
429723,15,4
278242,5,3
16813,5,4
24593,5,3
128405,10,4
461235,5,3
113733,2,3
340431,5,4
58024,10,4
122882,2,4
149628,15,4
376698,10,3
69977,10,4
250760,5,4
171376,5,3
452972,2,3
82923,15,4
282485,10,3
369046,10,4
130297,5,4
121685,15,4
431835,10,4
375066,3,4
426694,10,3
180160,6,4
352469,2,3
316306,10,3
56344,10,4
246136,15,4
224093,10,4
339156,8,3
71298,5,3
270292,2,2
316257,5,2
323834,10,4
362219,10,4
92567,3,3
112414,2,3
258774,2,4
188636,2,3
321805,2,3
81507,1,4
2688,6,2
457046,3,4
268073,2,2
54041,15,4
82887,15,3
512486,5,4
110640,10,2
181292,1,2
45008,10,4
133559,5,2
91309,1,4
253725,5,3
173659,2,3
382715,3,2
271019,3,4
217133,5,4
175836,10,4
181261,5,4
26676,10,4
338684,6,4
204562,5,3
116987,13,4
89213,15,3
255005,2,3
114229,5,3
396622,15,4
145366,5,4
331067,10,4
230433,2,4
40256,3,3
211048,2,2
358604,5,4
144778,3,2
335525,15,4
212512,10,3
292163,15,4
373618,15,4
275810,1,4
97487,10,4
228635,5,2
501197,15,4
246674,1,2
417663,5,2
257757,15,3
7244,0,4
151329,15,3
286468,5,4
458078,1,2
297222,3,3
41396,12,4
39558,5,4
174815,10,2
403404,5,4
416950,2,4
87865,10,4
377520,10,3
415957,2,4
457809,2,2
309530,14,4
84090,2,2
42472,2,3
93917,15,4
289499,5,4
407779,1,2
45782,5,4
9085,10,4
372168,10,4
322107,5,3
340106,15,4
26642,5,3
488544,15,3
238062,15,4
239350,10,2
483189,10,4
483613,15,4
183290,15,4
423299,5,4
135340,10,3
237030,5,3
391154,6,4
385525,10,4
364209,5,2
412023,5,4
318713,15,3
117153,10,3
202985,6,4
96703,5,3
171980,7,4
105650,15,4
362232,5,4
141950,10,4
127547,4,3
195587,10,4
310371,5,4
220750,5,4
480105,5,4
316544,5,3
417602,2,3
322452,5,4
166790,15,4
105693,10,4
496289,15,4
17777,14,3
330097,5,3
49467,13,4
425703,5,4
140779,15,2
274510,10,4
16066,5,2
59119,10,4
65985,2,3
430398,5,4
213382,2,3
453089,1,4
413789,4,3
217901,3,3
116804,15,4
277458,8,4
470834,4,2
365915,2,3
97139,2,3
111545,7,3
297025,5,4
430054,5,4
341754,10,4
9518,2,2
129552,2,3
38411,5,4
153864,15,4
884,0,3
134234,10,4
129351,4,4
280929,10,3
460334,14,4
187156,15,3
495163,5,3
146617,5,4
335912,4,4
280197,5,4
451657,5,3
307905,15,4
382503,5,4
460159,15,4
176609,5,3
385878,3,4
209652,5,3
60677,5,3
136145,17,2
166573,5,3
365573,15,3
31833,8,4
4789,10,3
284312,5,4
373181,15,4
150111,1,3
415719,15,3
21056,13,3
35513,10,3
117414,5,3
294442,6,4
254825,5,3
414643,5,4
222998,4,3
287771,5,2
378218,1,2
508112,8,4
24783,5,4
37934,15,3
340941,10,4
420979,10,2
57997,10,3
474620,15,4
128304,5,4
297887,5,4
335495,5,4
53262,12,4
102727,18,4
117228,5,4
214706,2,4
231040,15,4
121935,5,3
455944,5,3
277961,10,4
15384,5,4
341184,10,4
184658,5,3
68385,5,3
260642,5,4
238462,5,3
88248,15,4
210774,10,4
473803,3,4
57390,0,3
185523,10,4
372790,15,4
253066,5,3
447228,4,3
320621,13,4
452115,5,4
120459,5,4
210607,5,4
321832,15,4
214514,3,2
284442,5,4
226366,10,4
198142,5,4
262516,5,4
185089,5,4
448653,5,4
489690,6,3
232386,17,4
261609,5,2
392006,5,3
410584,15,4
303258,15,4
376889,2,3
322756,5,4
298254,5,3
310967,13,4
9911,0,4
324267,15,4
108759,18,3
71875,5,3
221996,15,4
371067,5,4
74045,5,3
74534,10,4
67664,10,3
239596,7,4
401560,10,4
493492,3,4
238276,4,3
157364,17,4
451498,5,4
222284,5,4
227876,2,3
219814,5,4
278966,15,4
279798,15,3
357218,2,3
381055,5,4
273863,2,3
35727,7,4
375304,5,4
149879,15,3
60231,5,3
341258,10,4
117483,3,2
344165,2,4
341015,10,4
247293,5,4
463296,5,4
223957,4,3
372251,5,4
499924,10,4
201368,5,4
391713,10,2
209243,5,2
223225,10,3
283952,7,4
81655,6,2
225584,15,2
128934,5,3
169935,10,3
200563,7,3
199071,5,4
397916,5,2
329231,2,3
296851,9,3
115793,5,4
199638,10,2
75688,10,3
32527,5,3
220201,5,4
414808,8,4
146908,5,4
201471,10,3
278951,7,3
272794,13,3
174405,5,4
1148,3,4
251232,5,4
126943,5,3
170245,4,4
64960,12,4
124213,15,3
271869,10,4
40681,5,3
401923,2,3
224718,4,4
64799,10,3
8824,10,3
245348,2,4
163003,10,4
230255,1,2
175632,9,2
415136,15,3
329465,2,3
206790,8,4
280251,5,4
318124,5,4
114821,5,2
391308,5,3
52306,15,2
121200,10,2
152728,15,4
489139,12,2
457270,5,4
522853,11,3
67472,5,3
307684,5,4
357771,17,3
453991,5,4
180702,5,4
30722,10,4
309283,10,4
313647,10,4
80546,5,3
189979,5,3
248435,15,2
348292,3,3
104465,5,4
421967,6,3
365895,15,4
229984,5,2
263764,5,4
328536,10,3
42368,13,3
41463,10,2
225018,9,4
149900,10,4
185488,3,3
276285,5,4
274877,1,3
133436,5,4
344420,10,3
17491,15,3
441236,12,4
328015,5,4
73099,11,3
99145,7,4
307826,11,4
116833,2,3
11037,10,3
45675,1,4
434911,10,4
243654,5,4
100733,11,4
85710,10,4
65755,10,3
134725,17,4
269596,15,3
166473,10,4
325750,5,3
99141,1,4
49046,9,4
295098,5,4
444429,2,3
287921,3,2
7915,3,4
35374,5,3
422611,2,4
201513,10,4
123959,5,3
62606,5,3
260236,10,4
217162,5,4
247335,15,4
351259,2,4
104738,1,2
416645,10,4
190602,10,4
442661,10,4
344734,15,3
239757,5,3
417823,5,3
199423,10,4
407078,3,3
20205,1,4
19875,10,4
412281,15,4
152734,10,3
91283,10,4
31238,4,4
58358,11,3
375899,2,3
267364,12,3
2941,2,3
359515,1,3
405479,12,4
292140,5,4
500834,5,2
48083,15,3
301363,15,4
218665,10,4
22816,10,4
387599,2,2
219541,15,4
29820,10,4
141370,10,4
306652,10,3
461368,2,3
429565,5,4
333238,15,2
77794,15,3
171025,5,4
290448,5,2
399370,3,4
144928,5,4
122602,10,3
319397,10,3
123612,15,4
114434,1,2
345941,5,3
456058,3,4
820,0,4
268875,2,2
198687,2,3
218648,13,4
151639,8,3
290008,5,2
165306,10,4
275524,5,4
208012,15,4
65417,5,4
228712,15,4
24404,15,4
224299,7,4
90972,13,3
76540,12,4
28462,2,3
419216,12,4
25322,18,4
68522,5,4
209060,5,4
322374,10,4
111875,2,4
425102,3,4
298402,12,3
174297,5,2
107566,10,3
24657,10,4
327119,5,3
66032,5,2
445900,5,2
104915,15,4
160106,14,4
63296,5,4
290942,3,4
110870,5,3
352386,10,3
306812,10,4
329740,18,3
254494,10,4
483803,5,3
213993,10,2
134982,5,4
30024,5,4
459267,5,3
181639,5,4
293474,3,3
303294,4,3
367176,13,4
100781,14,3
389787,2,3
60025,10,3
186480,2,4
284616,10,4
322992,3,4
482161,15,4
43688,10,2
323684,6,3
279872,3,4
271072,10,4
320919,3,2
225753,15,4
275911,3,2
293979,5,4
310417,5,4
410346,15,4
46821,5,2
374631,2,4
58962,5,4
85449,12,3
285140,3,4
366627,15,4
25863,10,4
53926,10,2
458079,3,4
143003,5,3
36575,10,3
360303,15,4
248559,5,2
167546,2,4
417527,5,3
111782,10,4
282788,5,4
306771,2,4
353561,5,4
251020,4,2
70803,10,2
455391,5,3
157584,3,3
166672,7,3
318760,10,3
98819,5,2
247876,5,4
144744,10,4
82433,5,3
123401,5,4
189254,5,4
257925,5,2
29156,10,4
270197,5,3
508504,15,3
310779,10,4
102420,10,4
16876,18,4
278262,10,4
335413,7,2
428585,13,4
31357,5,4
168663,1,3
407838,2,3
113834,5,4
376193,8,4
168807,1,3
260087,5,3
393673,5,4
174984,7,4
55453,6,3
288155,15,3
162997,7,4
314654,15,4
8882,5,2
171866,5,3
45767,2,4
95488,5,4
451529,5,2
36585,5,2
260629,16,3
252214,5,3
229362,15,4
40321,10,3
284028,5,4
232951,10,3
219294,5,4
276396,2,4
302815,15,4
127555,13,3
133650,2,4
152509,1,3
403492,16,2
95039,2,4
139242,10,3
354371,12,1
290745,5,2
154194,2,3
90240,10,3
239118,2,3
298294,5,4
252358,1,4
149883,2,2
102123,10,4
424318,3,2
25701,17,4
368388,10,3
110069,15,4
176311,5,2
211241,5,4
191275,17,4
316139,7,4
284040,10,4
366813,6,2
208705,9,2
90263,15,3
190939,3,4
181143,15,4
25666,10,4
98482,3,3
245031,15,3
415962,2,4
19252,15,4
190531,5,3
302388,2,4
432948,1,3
131042,15,4
159270,15,2
221587,5,3
283680,5,3
114942,5,4
191491,15,3
275604,5,4
158900,10,4
221975,1,2
276995,5,4
371871,15,4
444426,1,3
22562,10,4
418946,7,3
374919,5,4
204596,5,3
167406,12,4
311466,10,4
105603,6,4
140956,5,4
323698,12,4
108816,1,3
162873,5,4
397442,5,4
95220,15,3
184627,2,2
66714,5,2
227505,15,4
188995,10,4
241567,2,4
133013,5,4
188565,15,3
228944,5,3
422484,2,4
372927,5,2
204433,14,3
339706,13,3
179476,2,3
62697,8,4
190689,5,3
277361,5,4
248033,5,4
199775,5,4
279567,1,3
238429,7,2
20791,5,3
299383,15,4
36931,10,4
234529,6,3
131650,1,4
71143,10,4
283193,15,3
292474,8,3
213150,3,3
125294,5,3
169622,2,3
516847,10,4
174380,10,3
254025,5,4
101143,15,2
194977,10,4
55223,6,4
167221,15,3
338826,5,4
85686,1,2
296645,2,4
461567,15,3
427706,5,3
188195,5,3
293348,10,4
171001,2,4
48279,5,4
42547,6,2
511708,11,3
213147,1,2
105383,2,3
220199,5,3
111316,2,3
327460,2,4
136773,5,4
37903,5,4
185871,15,3
93874,5,4
398458,10,4
316378,10,3
496425,19,4
320255,7,3
137730,5,4
404307,5,3
477490,15,4
206153,2,2
485158,2,4
32524,1,2
101141,2,2
210107,15,4
232432,2,2
52791,5,4
5247,1,3
131445,5,4
101366,15,3
370351,10,2
19906,15,4
149559,7,4
245253,10,4
289658,10,4
152733,10,3
36413,3,3
40313,10,4
175954,15,3
408373,10,3
57630,5,4
452542,2,3
488915,10,4
165199,5,3
282352,15,4
117616,15,4
284840,5,4
73174,10,4
383871,10,4
405110,10,4
3392,0,4
302983,15,4
290752,10,4
423544,10,3
143752,15,4
448606,10,3
174311,5,4
147143,5,4
342383,10,4
15379,10,3
124413,6,2
389231,5,3
357226,4,2
455088,6,4
391568,7,4
5465,10,4
270481,5,3
384019,10,4
207975,15,3
142504,5,4
299939,10,4
91846,10,4
384476,2,3
153137,2,3
454021,16,4
356734,5,4
63207,13,4
442527,10,3
228686,15,4
211959,2,4
47409,15,4
30342,5,3
203946,10,3
216223,10,3
134953,5,4
298476,5,3
97875,10,4
399,17,4
36335,10,3
315657,2,3
366754,15,3
123492,5,4
288565,3,2
89824,12,3
183097,10,3
246849,10,3
320802,3,4
309947,15,4
363703,15,3
243913,17,4
17478,15,3
43298,5,4
315283,5,4
386209,8,3
196786,5,4
108150,10,3
143610,15,3
281212,5,2
347784,10,2
249337,10,4
166609,5,2
11717,15,3
250429,15,4
196693,10,3
262974,5,4
313943,15,2
310667,11,2
322068,4,4
196444,10,4
240605,1,2
221278,10,4
82679,15,4
66846,10,3
110334,5,3
62521,10,4
426987,5,3
216892,5,2
4710,0,4
199171,8,4
147058,17,4
460845,10,3
187367,15,4
420406,10,4
164007,5,3
370865,4,3
41013,17,3
222124,15,4
205322,2,3
371263,5,4
223362,5,3
373869,12,3
357691,5,2
416288,5,2
203126,10,4
120220,15,2
68066,15,4
254036,5,4
68090,5,4
402465,5,4
386328,1,3
131570,3,4
57072,5,4
475679,2,2
407442,2,4
335401,2,3
136120,5,4
319824,5,4
35206,10,4
386327,5,4
251981,15,4
346321,10,4
58750,5,3
102664,2,4
129524,1,3
144860,5,4
414273,15,4
74373,10,4
68619,5,3
218390,5,2
192059,10,4
376786,5,3
228518,4,3
68880,3,4
12217,15,4
118653,10,3
159420,5,3
276859,10,4
74427,15,3
209704,5,4
153601,7,4
323799,10,4
16441,15,4
56460,15,3
211418,15,4
257500,17,4
147578,13,4
104650,5,3
413447,5,4
268793,15,4
345673,10,4
213194,5,4
198344,10,4
140487,8,3
418766,10,2
162020,18,4
74053,10,4
426661,1,2
246242,10,4
359219,5,3
341769,2,4
2066,15,3
87863,15,4
297968,10,4
339985,2,3
502734,15,4
110610,7,4
282283,10,4
137738,4,3
455702,7,2
165874,10,4
153788,5,4
313324,10,3
190065,17,3
103913,2,3
184672,2,4
129985,7,3
92502,2,4
248629,5,2
186133,5,4
321260,3,4
507497,10,2
234363,5,3
124817,15,4
310260,3,4
251306,3,3
85180,10,4
228917,12,4
276865,10,4
93854,1,3
508541,8,4
66957,17,3
462416,3,4
66585,10,4
93753,15,4
325709,5,3
390290,5,4
402113,2,3
227531,10,4
218312,15,4
48276,5,4
187484,10,2
73689,10,3
357103,2,4
203309,16,4
484387,2,4
338118,5,4
374704,10,4
150771,5,4
329764,8,4
529444,2,4
15895,5,2
74250,10,3
15224,15,4
455490,10,4
299925,13,3
233162,10,2
442155,8,3
139987,5,4
180396,15,3
84693,15,3
155773,3,4
307507,2,3
181375,2,3
107626,5,4
59887,10,4
325741,15,3
369758,2,4
38073,10,2
252936,6,4
29614,6,4
480310,5,4
93861,13,4
349219,5,4
14433,13,4
192193,15,4
65642,15,4
233688,17,4
249978,10,4
418442,4,3
246097,5,3
347917,5,4
83945,15,3
418875,2,3
133602,15,4
395085,10,3
321531,5,3
98219,2,4
155344,10,4
174171,15,4
53583,15,3
406792,2,3
113882,5,3
302048,6,4
232388,10,4
66501,5,3
239205,5,2
113417,10,3
181412,15,4
59370,10,3
207243,10,4
240117,2,3
286998,3,3
267742,5,2
116513,15,4
275234,7,2
288537,3,3
215308,10,3
61774,10,4
36153,15,3
16593,15,4
30300,10,4
142883,2,4
335566,2,4
179066,5,2
424055,10,3
230379,10,4
168558,10,2
146342,3,3
246249,5,4
334556,15,3
316033,10,4
237418,5,4
150933,10,4
188396,10,3
192582,15,3
15616,5,4
291482,8,4
489593,5,4
85616,10,3
398137,12,3
395544,5,4
455886,5,4
86405,10,4
96041,11,4
226505,15,4
237506,10,4
477948,15,4
38116,10,4
38711,5,3
288126,10,4
242202,15,3
356688,6,3
422490,2,4
268680,10,4
76823,13,3
295499,5,2
65212,15,4
370667,13,4
322176,15,4
239035,15,4
264229,10,4
307125,7,3
174775,2,4
484060,3,3
39269,15,3
180757,7,4
131648,15,3
248536,15,4
483916,6,4
237853,10,4
428566,2,4
23895,10,4
491154,5,4
97410,10,4
62930,7,4
73658,5,2
134511,5,2
170990,5,3
446938,17,4
75257,5,4
112338,3,2
474802,18,4
255685,5,4
161469,2,4
309918,5,4
24564,10,4
296231,10,4
9049,18,4
330870,5,4
418526,1,3
19786,5,4
112889,15,4
82277,5,3
46763,15,3
149514,2,2
417393,9,4
199165,6,4
208122,18,4
100654,6,4
301808,5,4
195767,15,3
59108,5,4
37743,5,4
86135,17,3
203012,2,2
4269,0,3
277880,10,4
135223,5,2
366606,10,4
192131,2,4
254131,5,3
100348,10,4
121563,15,2
144788,3,3
408689,15,4
279922,3,3
146252,15,4
59604,6,4
82720,15,4
376878,5,4
245848,15,4
29276,10,4
18486,5,4
416836,15,3
121445,5,3
349385,5,4
182098,5,4
57868,5,4
18584,15,2
457895,4,4
503292,15,2
85243,5,4
310861,2,4
100219,10,3
254276,15,4
26792,19,4
50980,10,3
121298,3,4
61589,15,4
189399,7,1
180850,5,2
122450,5,3
349395,5,3
204924,3,2
280150,5,3
178493,5,3
257475,5,4
123383,15,4
148419,15,3
136711,15,4
233209,10,2
289053,5,3
490269,10,4
40935,10,3
260212,5,4
229852,10,4
405471,5,3
66836,5,4
21428,16,3
220304,5,4
230378,5,3
170966,5,4
381015,3,4
231792,4,2
317230,15,2
114925,6,4
292560,15,4
206913,15,3
85823,10,4
212184,10,4
297721,5,2
235800,10,3
274360,10,3
90702,10,4
257290,6,4
47757,7,3
31799,7,4
455157,15,3
287934,5,4
275609,11,3
302339,4,2
147261,5,3
308390,2,3
183661,10,2
299073,5,4
101999,10,4
173744,2,4
306653,5,4
289608,5,4
192597,2,4
77324,2,4
85258,3,2
410952,12,4
140534,10,3
5435,18,3
200578,15,4
313502,10,4
296020,10,4
164535,10,4
463127,10,4
190525,15,4
420031,5,4
88431,5,4
170594,5,4
165194,15,4
211702,10,4
344209,3,3
341493,10,4
52276,6,4
188019,2,4
120234,10,4
159799,5,4
314885,10,4
424447,10,4
316265,8,4
163048,15,4
124261,5,4
335003,17,3
21007,5,4
220098,15,3
163259,10,4
293366,17,2
114035,10,4
244303,13,4
84174,5,3
339057,5,4
2462,0,4
252421,5,3
380647,15,3
245055,2,4
209969,10,3
456273,2,4
245059,10,4
53964,5,4
210409,3,3
148938,5,4
429278,5,4
288431,2,4
288165,5,4
312581,10,4
397658,6,3
298941,15,4
139733,3,2
165902,15,4
8282,0,4
217531,4,3
199362,17,3
322811,5,3
296501,15,4
93036,5,4
137925,10,4
359589,6,4
45756,10,2
459073,10,4
356769,5,2
205410,10,4
190430,1,4
98497,10,3
2019,5,4
77113,12,4
33876,7,4
43658,15,4
60644,15,4
404700,5,2
151867,17,4
267109,10,4
209472,5,4
293634,5,3
282328,5,4
39163,5,3
427563,5,4
207040,8,4
206695,15,4
82787,15,3
384210,13,3
204042,13,3
146878,8,3
70876,10,4
238933,5,4
131803,10,4
138224,2,4
75010,5,2
90380,5,4
232741,8,3
232473,5,4
388909,5,4
109718,5,4
379363,5,4
164124,3,3
98076,5,3
490391,10,4
400922,10,4
327385,5,4
364253,4,3
268138,10,4
193601,5,2
103507,10,4
227173,15,4
231087,9,4
245056,2,4
367695,4,3
313351,10,4
404590,12,4
30259,5,3
423933,3,4
84538,10,3
381526,5,3
292119,5,4
273250,3,3
68878,4,4
50259,10,4
64831,5,4
183668,15,3
49930,8,4
111205,15,4
47344,11,3
472033,10,3
265351,5,2
152623,10,4
96963,19,4
427475,10,2
304055,2,3
250702,2,2
394323,5,4
194207,5,4
266027,5,4
329634,3,4
467558,5,4
427793,13,3
300453,19,4
179293,10,4
267416,15,4
348452,2,4
298992,8,3
152072,10,4
329008,4,2
209700,5,3
211807,7,3
443040,15,4
395800,15,4
85210,15,3
177600,5,3
532734,2,3
352346,5,2
312353,3,3
24078,5,3
64868,5,3
160809,5,4
13935,15,3
54235,7,4
57823,5,4
376090,5,4
236772,5,2
246260,15,4
474163,6,3
334026,6,3
470948,15,3
83219,12,4
328756,8,4
188199,15,4
248065,6,3
107895,4,4
126683,6,3
139771,15,3
360712,8,3
332245,5,4
118958,15,4
454534,5,3
421782,5,2
282738,5,4
394135,5,3
128432,15,4
234777,10,3
16148,2,4
262230,5,2
119045,15,4
295570,1,3
59502,5,4
129046,10,4
29028,15,4
65703,5,3
232849,3,3
445436,5,4
185255,10,4
265900,5,3
96575,1,3
165984,15,4
71393,10,2
421673,15,4
277168,10,4
218847,11,3
204811,5,3
22098,10,4
306722,5,3
255695,5,4
505917,3,4
141558,7,4
264088,2,3
146954,5,2
257588,11,3
167800,7,4
31910,5,4
497751,5,3
152905,10,3
31558,3,3
120932,5,4
277820,10,3
173829,6,3
399895,10,4
187812,5,3
342696,15,4
247042,5,4
269152,12,4
339684,15,4
214530,3,3
351413,3,2
31066,5,3
93128,13,4
160432,5,3
50332,15,4
136651,13,4
47219,10,4
70713,17,3
508542,8,4
245325,10,4
57481,10,4
283392,8,4
163190,15,3
323258,4,3
301070,5,4
119343,15,4
192623,10,4
186361,5,4
392131,3,4
243189,5,4
164143,3,4
305058,5,3
261623,6,4
415454,19,4
138050,10,3
257170,5,4
305624,15,4
73802,10,4
369447,5,4
186517,5,4
348730,2,3
153880,10,4
86039,6,3
134854,10,4
78528,10,4
287548,8,2
171576,5,2
504052,6,2
226856,2,4
166813,15,4
382437,15,4
440609,8,3
188575,5,4
72599,10,4
282123,4,3
203390,10,3
473508,1,3
280521,3,4
182486,8,4
498714,10,2
450348,5,3
5289,0,4
301584,5,3
304867,6,4
163724,7,3
131312,2,4
232375,5,2
95793,5,4
20816,8,4
317216,2,4
172418,10,4
227178,10,3
124908,11,3
242285,2,4
180946,5,2
15706,8,4
56130,5,4
66421,15,4
42760,5,4
121281,15,4
334403,15,4
376653,2,4
129686,1,4
66915,4,4
107207,3,3
36670,15,4
119234,17,3
292884,5,4
423164,15,3
359198,10,4
48544,10,4
255435,5,3
186597,12,4
430263,5,3
147816,10,4
138238,18,3
25547,2,4
268318,3,3
263927,10,4
412565,5,4
33914,8,3
24799,15,2
38959,15,3
405066,11,3
490728,6,4
269999,10,3
433205,5,4
52163,11,4
126719,5,3
504046,2,4
121810,5,4
220178,4,4
474649,10,4
359190,1,2
320500,2,3
341643,10,3
310997,5,4
31180,10,2
141290,5,4
158950,5,4
318264,10,4
294678,5,4
346964,5,3
162990,5,4
85718,10,4
30053,10,3
388872,17,4
458843,15,4
280793,2,4
97695,13,3
162940,5,2
294547,10,3
89885,5,3
70726,15,3
331363,15,4
280658,1,4
323151,18,2
175272,6,4
187865,2,4
483263,2,3
515824,2,3
266374,1,2
528318,10,2
460107,5,4
321041,10,4
279177,17,3
161699,5,4
153609,10,4
167092,5,3
316789,10,4
408417,13,4
213095,4,3
123820,2,3
45549,10,3
128523,12,4
32188,10,4
291715,5,4
20809,10,4
125493,5,4
312790,5,3
83073,15,4
373046,2,4
300215,7,4
388125,5,4
220406,5,3
35844,3,3
194478,5,2
40276,5,3
498523,1,4
36617,15,3
429562,5,4
117872,15,4
387323,10,4
73276,10,4
467722,5,3
63973,5,4
427294,2,3
111018,8,4
162376,3,3
76840,15,4
321519,2,2
258131,4,3
491631,10,3
145533,2,4
199882,15,4
28319,10,4
330040,7,4
119388,10,3
249695,3,4
259957,5,3
87195,5,3
274336,4,2
151577,15,4
68336,5,3
118880,7,2
338431,15,2
197887,5,4
477408,5,4
124391,12,4
391941,5,2
273495,11,3
206641,15,3
31578,4,4
103757,5,4
258397,15,2
204386,10,3
263645,16,4
218380,15,3
57266,15,4
20822,10,3
166797,7,4
171463,10,3
517213,15,4
191914,2,3
290683,10,4
292679,5,3
472367,5,3
363791,5,3
138049,10,4
307194,8,2
438851,5,4
284630,5,4
255706,15,3
418426,2,4
324030,10,3
333597,1,3
333785,5,3
315512,13,4
129905,5,3
378288,10,3
131426,9,4
7844,0,4
428665,10,4
352855,17,4
29934,10,4
296711,17,3
116190,10,4
195219,1,4
198665,10,4
146428,10,4
293919,2,4
333349,10,4
85711,5,4
460103,2,3
163282,5,4
166972,19,2
251855,2,4
505748,3,3
397443,5,4
414998,3,4
338895,5,3
388815,10,4
288082,5,4
208673,10,4
116672,5,3
127605,5,3
294304,3,3
322111,10,3
97721,10,4
338865,5,3
416207,10,4
38527,15,4
351691,10,3
362562,5,2
204820,9,4
279585,8,3
83923,10,3
348117,3,3
503642,2,4
502281,11,3
426566,7,3
149518,3,3
346473,7,2
249488,2,3
227942,15,3
460989,10,4
37101,10,4
156484,2,4
317077,10,3
427503,16,2
66473,5,4
253661,2,3
408186,5,3
225775,3,2
66958,15,4
217181,10,3
130443,10,4
153371,15,4
270161,7,4
87530,1,4
231159,15,3
73219,10,4
236261,5,4
181775,17,3
369551,6,4
56127,15,3
31510,15,4
11458,5,2
220858,5,2
46757,3,4
230288,15,3
285893,1,3
39066,10,3
249639,2,2
364119,7,4
116147,6,4
142249,10,3
227511,15,2
467332,10,4
141346,10,2
114857,10,4
104498,5,4
253537,18,4
217134,5,3
296176,6,4
228273,9,4
269082,5,4
188336,10,4
137830,8,3
441106,17,4
300910,15,4
251609,5,4
162471,2,4
171793,5,3
281241,5,2
364800,5,4
236424,6,3
452703,5,2
421074,8,4
313128,5,4
312160,5,4
223458,10,4
266962,10,4
527645,10,3
144626,10,2
98077,2,3
253534,5,3
79415,12,4
367080,2,4
69150,6,4
408030,15,4
121343,5,3
162297,15,4
389810,15,4
483029,12,4
304579,19,3
380677,2,2
221116,5,4
323310,6,3
80231,15,4
43249,15,4
41195,10,3
387965,3,4
389592,15,3
355327,7,4
414810,15,4
294532,10,4
230372,3,4
67529,12,4
209777,5,4
426801,6,3
103296,15,4
402958,5,4
163092,7,2
251376,10,4
43768,10,3
175052,10,3
451185,17,4
164780,13,4
14178,10,3
139972,10,4
313740,10,4
287677,5,3
327962,10,3
338282,5,4
93226,15,3
88809,5,4
60689,9,4
431403,5,4
26198,5,4
334392,7,4
279117,5,4
371150,12,4
507169,2,3
31736,17,4
251571,1,3
150729,5,3
101117,5,4
169260,6,4
3944,0,4
147537,10,3
226456,5,4
19341,15,2
34034,5,4
215495,10,4
105385,11,4
69280,2,3
222155,5,4
342961,10,2
404983,7,3
177843,4,3
160140,10,4
325425,5,4
115605,11,3
76435,15,4
19437,1,2
239564,14,4
174635,5,4
267322,10,4
221023,10,4
36559,10,4
250078,15,4
133220,5,4
291262,5,2
313578,10,4
150534,3,3
261641,5,3
353065,2,4
507769,10,3
235182,15,3
295126,5,4
456326,10,2
221386,10,3
320417,10,4
111438,11,3
242099,2,4
243102,5,4
102632,15,4
348138,15,3
202744,15,2
186849,10,4
355138,2,3
475261,5,3
14127,1,3
417110,5,4
33713,15,4
87725,10,4
347800,5,3
287326,10,4
90828,8,4
384204,15,3
67197,15,3
217288,18,4
5272,5,4
280318,13,4
168184,7,3
31113,5,4
107059,5,4
109990,15,4
478296,5,3
115411,1,2
177904,7,4
69382,3,3
217404,7,2
231028,5,2
456498,10,3
283252,18,4
319745,5,4
200025,2,3
435457,15,4
198968,15,4
265903,5,4
72032,5,3
145495,5,4
162232,10,4
276221,5,4
69953,1,4
255264,2,4
354906,15,3
247997,15,4
403606,6,4
390660,5,3
235777,3,4
29623,2,4
102957,18,4
72185,10,4
254498,15,2
145655,5,4
203854,8,3
263922,5,4
390266,5,4
201751,5,4
470261,5,4
213193,5,3
347481,5,4
321913,2,3
463035,10,4
118050,15,4
103309,5,3
112596,10,4
65817,9,3
163017,10,4
32487,15,4
479250,10,2
341808,5,2
493512,10,4
29295,15,3
122497,5,2
122547,5,4
380990,5,4
77260,10,3
474510,2,4
166779,2,4
130980,2,2
273129,3,3
85455,5,3
188649,10,4
424668,10,2
487948,10,4
296238,15,3
364909,5,4
56707,5,4
64080,5,3
206452,17,3
235172,2,4
7090,15,4
398295,10,2
389300,2,4
145243,15,2
331470,10,3
455145,15,3
502733,5,4
76485,10,4
309526,1,4
57476,2,2
181510,15,4
131938,3,3
473637,5,4
232157,5,4
38080,10,3
20494,5,3
398464,15,3
101312,15,3
62720,5,3
359507,1,4
15892,5,3
358511,10,2
216959,11,4
136923,15,3
176180,15,3
311707,10,4
108608,5,4
71455,18,3
483119,5,4
237912,10,4
184881,10,3
105390,15,4
35686,5,4
347704,5,3
98877,10,4
153714,15,4
320187,10,4
348470,5,3
107350,7,2
95794,5,4
147226,5,3
17637,10,4
18199,10,4
160406,15,4
319223,5,4
49902,15,4
65314,5,4
297269,15,3
259219,2,3
54411,5,3
374775,10,4
451196,5,4
113294,15,4
330747,12,4
81566,5,3
422491,3,4
103773,2,4
61061,5,4
240135,2,4
117194,5,2
153907,10,3
318513,2,2
276987,4,2
403803,2,3
125007,15,4
390977,10,4
250168,2,3
123602,10,3
8447,10,3
411516,1,3
319983,5,3
453892,10,3
83016,2,3
143154,2,3
119182,15,4
414892,2,4
251687,2,2
92836,15,4
95801,15,3
182916,1,3
97565,10,4
215579,2,3
399375,5,4
297614,5,4
379332,7,3
379992,5,4
477098,5,4
214733,5,2
478156,10,4
257563,15,3
184351,3,3
376977,2,3
206557,5,2
107094,10,4
2761,0,4
256812,10,3
522941,3,4
332256,4,4
381162,16,2
230006,10,4
122745,5,3
478877,5,3
261355,2,4
186900,10,4
53286,17,4
99981,10,4
459764,10,4
353689,5,4
267304,10,4
218793,5,4
24820,5,4
348580,5,4
95119,15,4
13699,15,4
347401,15,3
10111,5,4
419001,15,4
264429,2,4
423672,15,4
325717,5,3
69868,10,2
168543,5,3
295196,15,3
159469,15,4
491855,15,3
291327,5,2
306110,2,4
67208,15,4
104603,2,3
5309,0,4
223303,2,4
283419,6,2
140859,15,4
37151,10,4
98312,2,3
303057,5,2
388516,2,4
317142,2,2
187030,7,3
20773,7,4
180636,19,3
380104,5,4
391882,2,4
266506,10,3
287376,11,4
194383,1,4
31672,10,4
59106,5,4
300688,5,4
257377,2,4
338514,15,4
263091,12,3
71675,5,4
387048,15,4
162188,2,2
391626,2,4
356684,1,3
349398,5,4
11387,10,4
203230,12,3
438183,5,2
104855,10,2
330609,3,3
343580,1,3
229341,10,4
412532,10,4
323871,10,4
118297,4,4
336555,15,4
203712,3,3
237025,7,2
31755,9,3
185278,5,3
164373,6,3
250286,3,3
466155,5,4
220141,15,3
195854,10,2
401203,15,4
197560,6,4
178436,11,4
456752,5,3
206653,5,3
266561,15,3
23718,10,3
93133,10,4
167549,15,4
25592,10,3
238634,5,3
257753,2,2
460669,8,3
224042,10,3
152242,2,3
390582,15,4
232258,15,4
195333,3,3
210535,6,4
279109,2,4
67658,10,3
258564,2,2
184171,5,2
6586,0,4
120345,10,2
492644,2,4
43879,10,4
209553,10,3
177984,5,3
277824,8,4
288642,5,4
221712,10,4
287458,10,2
350066,3,3
182807,5,4
492251,1,2
219416,5,3
262210,15,3
258990,7,4
51085,17,3
471057,4,3
34008,5,3
324605,3,3
30824,2,3
235796,5,3
84568,18,3
41111,12,4
172056,17,3
61842,10,4
374944,2,4
62702,15,3
285261,10,3
68626,8,4
227694,12,4
29360,13,4
383966,15,4
341607,2,3
290780,5,4
171706,2,4
227825,10,4
409800,10,3
95187,5,4
412102,10,4
229006,15,4
238449,10,3
93649,3,4
382490,7,4
52555,10,3
145399,10,4
296497,2,4
326554,8,4
92616,5,4
193730,15,4
391642,10,4
31618,10,3
317269,10,4
439277,10,3
104662,5,4
88640,8,4
297466,5,4
398313,9,4
215284,5,3
314308,5,4
140305,10,4
36123,10,4
503368,12,4
431297,15,4
303717,2,4
465032,2,4
222362,5,3
266061,8,2
179960,15,3
177172,17,3
274068,5,4
102399,15,3
424356,2,2
36969,5,4
8025,0,3
109950,7,4
115490,5,4
42988,15,4
59969,5,2
266858,12,2
447923,15,3
210296,6,4
301779,10,3
339149,5,4
149054,5,3
8433,5,3
359496,2,4
58784,15,4
455750,10,4
382730,15,4
150604,10,4
51746,8,2
146591,8,3
132091,5,3
27741,10,4
448931,10,3
389682,5,3
310176,15,3
126716,4,4
303848,10,2
489040,8,4
222397,6,3
40297,5,2
487227,10,4
420624,5,4
231868,5,4
247990,10,4
386454,13,4
202566,5,4
147441,5,3
357987,6,4
424355,1,4
223820,3,4
100872,6,4
273629,13,3
66963,10,4
148731,5,4
67378,10,3
254206,10,2
50766,6,4
402671,10,4
439113,15,3
185073,5,3
231911,2,3
452671,5,3
114522,6,4
88307,1,3
370567,7,2
102607,2,4
16047,5,3
7178,0,4
360637,12,3
19574,5,4
58622,5,3
151084,10,4
2175,10,3
90174,5,4
333042,2,3
271647,16,4
367680,10,4
222113,1,3
17000,14,4
286995,5,4
338326,18,3
253584,5,3
35650,15,3
14863,8,4
445112,10,4
414066,10,4
112386,3,4
234078,5,2
200860,10,2
45292,10,2
398668,6,4
250192,2,3
184271,17,2
363853,10,4
323836,15,4
193663,8,4
280349,10,3
83545,10,4
64399,10,3
272698,10,4
503982,10,3
55806,5,3
329227,2,2
37362,15,4
188189,5,4
316625,10,3
486171,8,3
331143,3,4
388548,15,4
304408,15,3
185787,1,3
12755,13,3
181905,5,3
258299,5,4
58752,5,3
3179,0,4
392110,15,4
437232,9,4
278890,5,2
249050,5,3
3430,17,3
15420,5,2
482888,12,4
331116,12,4
295867,5,3
175966,5,4
125224,6,2
271139,2,4
370425,4,4
398060,10,4
278234,5,3
209754,3,3
160703,10,4
401532,10,2
28624,15,4
450482,10,4
461855,5,4
308410,5,3
197871,1,2
179023,10,2
205696,13,4
187522,4,3
294039,10,3
12584,10,4
430926,5,4
194043,10,3
88196,10,4
74359,10,3
30818,8,4
196986,11,4
51796,10,3
242966,10,2
318516,2,3
277137,5,2
112253,10,3
243814,1,3
307362,15,4
240889,14,4
287401,7,4
113609,10,4
462911,5,4
267267,10,3
95186,5,3
324590,5,4
248428,8,3
188220,10,4
156765,5,4
47589,5,4
40000,5,4
196210,15,4
68103,10,4
215953,5,3
201097,8,4
385479,5,4
414641,17,3
410190,15,4
458842,11,4
197244,18,3
364587,15,3
300117,15,4
122914,10,4
128691,10,3
124633,7,3
210365,5,3
482425,5,4
297265,10,4
156440,2,4
26760,5,3
158399,15,4
191216,10,3
510209,16,4
527471,2,3
152599,13,3
84898,15,3
267520,14,3
296520,5,4
60821,5,4
56184,3,4
107783,15,4
347782,5,4
401353,15,4
356401,12,4
104707,15,2
310883,7,4
200872,10,4
320643,5,3
421538,5,3
71388,15,4
117643,10,4
153223,10,4
74922,5,4
76412,10,4
382927,10,2
155629,2,2
229799,15,2
165424,15,3
527534,5,3
391620,2,4
210755,5,3
157508,5,4
321408,2,3
291493,1,2
123450,15,3
367473,2,2
351834,10,4
363915,10,4
164949,9,4
278886,8,4
170017,5,4
277381,6,4
479988,11,4
272597,3,3
258829,5,2
202560,10,4
192104,15,2
181487,1,3
278897,5,3
43281,10,3
283512,3,3
261759,5,4
89110,4,4
226113,10,4
444693,6,4
454080,7,4
187864,2,4
181677,5,3
178445,5,4
33903,15,4
98221,5,4
234535,5,3
351482,5,3
323813,11,4
108430,10,4
40808,6,3
220263,5,4
497871,5,4
364859,15,2
260505,5,4
93338,5,4
485745,10,4
226716,1,3
15897,5,4
197929,10,3
91758,5,4
334326,15,4
153698,5,3
429052,2,4
102807,15,3
229344,4,4
54427,5,3
424641,5,4
402382,13,4
87948,5,4
410840,10,3
80880,7,4
235812,10,4
281640,5,3
259902,5,4
170569,15,4
317175,6,3
289213,5,4
377441,6,3
480220,2,4
85454,12,2
249034,5,3
285445,10,3
88770,5,4
4036,0,3
53768,5,3
58167,10,3
96670,5,2
161977,5,4
324563,15,4
80088,2,4
93765,15,4
37377,10,2
181112,15,4
122142,5,4
426851,5,3
386854,10,3
262374,2,4
22552,5,3
106913,10,4
378145,5,4
235420,8,2
368804,5,4
364155,3,3
38261,5,4
414615,15,3
60640,15,4
258164,5,3
284449,10,4
12011,5,4
305748,10,3
355336,8,4
401127,10,3
274698,2,4
47651,17,2
446489,5,3
343465,5,4
12619,10,4
45105,15,4
150022,8,4
243216,5,4
344050,2,4
159047,17,4
70909,8,4
9221,10,4
253566,5,2
107407,3,3
147464,10,3
62064,5,4
230348,5,2
349911,1,2
189416,5,3
88634,15,3
102681,1,3
111833,2,2
147818,10,2
44272,13,2
271998,6,3
310564,5,4
277558,15,3
91414,2,4
150227,2,4
200601,5,4
301378,5,2
144542,10,4
327778,2,3
116965,15,4
53776,10,4
208302,5,4
375996,15,4
262768,10,4
163582,10,4
459324,2,4
87878,7,3
117434,5,4
63887,5,4
181985,8,4
24802,15,1
53146,7,4
143643,3,4
515507,5,4
59043,2,2
174216,2,4
96776,10,4
95116,12,3
46107,2,3
393793,10,3
116807,5,3
285840,5,4
135868,5,2
60003,5,3
398151,15,4
324977,3,4
425585,15,4
469774,4,4
250231,5,4
173551,15,4
163103,2,4
15084,4,3
247780,2,2
442481,15,4
168685,5,4
49451,3,4
483503,5,4
132501,5,3
391087,5,3
226123,2,3
96130,4,3
327999,13,2
282852,5,3
414985,15,4
222273,12,4
118846,10,4
429895,7,4
16380,10,4
327969,5,3
321163,5,4
431978,2,3
419797,1,2
8233,0,4
76668,12,3
359793,15,4
6672,5,4
90171,15,3
272966,10,2
449635,14,4
292214,5,3
50402,11,3
229361,5,3
181076,5,4
472407,2,3
217684,10,4
56394,1,3
149867,5,4
190193,8,4
282111,5,4
107666,6,4
11573,15,3
169831,10,4
187639,15,4
191388,5,4
112212,13,4
209791,5,3
390689,10,4
375504,5,2
341991,10,4
58132,5,3
382908,2,4
135442,4,4
383851,15,4
289549,15,2
247356,5,4
424708,5,3
246128,15,4
94228,15,4
312719,4,3
464046,2,2
171594,8,3
363702,10,3
308680,5,4
210806,13,3
67049,15,4
406002,3,4
173648,10,4
24516,10,4
128837,7,4
1975,0,3
430397,5,4
301164,15,4
261619,15,4
98724,5,4
486551,19,4
338881,10,3
471047,10,3
472138,2,3
306865,2,4
299048,5,4
361103,2,2
389060,10,4
130780,15,2
18910,5,3
17118,10,4
84417,5,4
353613,5,4
212831,10,4
394217,11,4
296852,10,4
345329,15,4
337637,6,2
310544,2,2
258430,3,4
362084,15,4
151307,5,3
392528,10,3
365603,10,4
60391,15,4
137187,2,4
33505,15,3
234662,10,4
77454,2,3
219711,5,3
235424,17,4
1999,0,4
274072,1,2
16942,13,4
22317,10,3
185481,5,4
517843,10,2
335992,2,4
214062,2,4
93280,5,4
335816,2,4
253035,5,3
110064,15,4
357601,15,4
279926,3,4
108413,15,3
151541,10,3
372354,14,3
193763,2,3
447381,5,4
242162,2,4
106576,10,4
6570,0,3
187309,10,4
65510,1,2
249917,10,4
193556,1,4
188781,5,4
94714,3,3
324128,1,4
455578,15,3
177481,15,4
338362,10,3
176710,10,4
460666,10,3
396023,15,4
227121,8,4
41586,2,3
458022,15,4
15150,7,3
79378,10,4
384900,3,4
133273,15,4
227797,10,4
113487,2,4
49820,5,3
96087,15,4
189937,1,3
181539,4,4
185232,15,4
167065,10,3
342877,10,4
159419,15,4
142487,10,3
156409,5,2
415163,5,3
458171,15,2
345757,15,3
96111,10,3
210362,10,3
306144,5,3
18792,5,4
154686,8,3
114412,5,4
216275,3,3
321271,4,4
247667,5,4
184328,5,3
347086,10,4
295259,3,3
323851,5,3
306476,10,2
65924,3,3
22242,2,4
284161,1,2
167472,10,3
269776,5,4
148405,10,4
178172,5,4
105452,5,2
186236,4,4
213953,8,2
309836,5,4
259531,10,3
32402,8,4
454533,5,4
426786,5,4
104332,17,3
374459,10,4
122014,10,4
146718,3,3
259256,5,4
394244,10,4
7029,2,2
464921,11,4
186991,3,3
245394,10,4
181096,15,3
376245,10,3
46099,2,3
215089,15,4
440213,13,3
49186,2,4
240106,10,4
114227,5,4
316508,10,2
73494,15,3
209702,5,3
125625,10,4
30539,10,3
223829,5,4
60900,10,4
153948,11,4
361882,7,4
390731,7,3
171468,5,3
392870,6,3
342796,2,4
502245,13,3
377695,5,4
242240,17,2
289096,5,4
499383,4,2
343544,15,4
237604,12,4
198513,8,4
65864,1,4
129231,12,4
257258,15,2
110708,6,4
467594,5,4
427291,5,4
238533,5,3
174489,2,3
32017,6,3
287873,1,4
242046,3,4
165437,1,2
174277,5,3
67535,10,3
191918,3,3
248027,10,2
342066,10,3
57221,15,4
401740,15,4
16767,10,4
425260,5,1
196483,10,4
339704,13,4
283997,10,4
189632,10,3
4127,0,4
328254,5,3
153950,10,4
46197,4,4
23933,15,3
228656,10,4
362340,3,4
180324,10,4
285674,5,3
385190,10,4
693,15,4
165453,3,3
176452,10,3
484111,15,4
109682,10,4
275202,2,4
315815,7,4
214849,15,3
375113,12,3
207145,15,4
31057,15,4
251257,5,3
296392,5,3
290919,5,4
313491,1,2
28542,12,2
344959,10,4
519541,5,4
211249,2,3
183207,10,3
220921,10,4
412266,5,4
270811,10,2
26842,10,3
85829,17,4
467335,10,4
54245,5,4
248922,5,4
105096,10,4
150079,13,4
419431,2,3
204791,5,4
240516,2,3
460744,3,4
314304,15,4
158685,8,3
83170,10,4
397572,1,3
209719,5,4
112330,5,3
381118,13,3
211061,15,2
475026,1,2
163967,5,4
247025,5,4
304082,15,4
36966,8,4
290326,2,3
305756,5,3
126722,7,4
291601,5,4
75909,5,4
423909,15,4
249911,5,3
331848,1,3
31449,3,2
104297,15,2
367885,5,4
89955,10,4
401802,10,4
153448,11,3
277992,5,4
98000,15,3
187414,10,3
441885,10,4
81431,5,2
129359,5,3
406124,1,2
408620,5,3
65705,5,3
461688,15,3
120876,4,3
90024,7,4
327592,7,4
82524,5,3
289860,11,4
67425,2,3
46975,3,4
146869,1,3
90567,15,3
453871,15,4
254936,1,3
160654,10,2
227103,5,3
261810,2,4
227734,5,4
212372,10,3
479925,6,4
36200,5,3
291366,3,4
66761,5,4
132825,15,4
470641,2,4
200066,13,4
153963,10,4
415842,15,4
376203,12,4
378963,10,3
103480,5,4
255399,15,4
419799,15,3
82446,12,4
328207,5,4
271539,10,4
173434,15,4
429558,5,3
3844,0,4
391539,15,4
122362,5,4
142499,5,4
245539,15,4
433625,5,4
246051,15,3
54854,10,3
174806,5,4
198620,3,4
124354,9,4
405800,1,3
373810,3,4
112517,5,3
250278,3,2
337005,3,3
255330,5,3
104697,13,4
230406,10,4
13373,15,3
302547,2,2
41595,15,2
127801,10,3
26698,15,2
160012,10,4
280134,3,2
411869,5,3
98721,15,4
165301,7,3
327109,5,3
96247,5,4
245701,10,3
224392,10,4
234077,10,4
107074,15,4
243612,15,4
237302,15,4
322770,15,4
79632,10,4
177186,5,4
134515,4,4
47262,5,4
118878,5,4
511251,8,4
243117,15,4
342255,3,4
315095,2,3
57071,18,3
492767,4,3
232384,5,4
164058,15,4
477118,7,4
322972,1,2
227503,5,4
185292,13,4
148104,10,4
423612,3,3
309553,5,2
222752,15,2
39062,3,4
490045,5,3
65326,5,3
54530,15,4
34130,5,4
111774,9,2
23723,2,4
201410,12,4
327872,5,3
439907,5,3
263070,5,3
156048,15,3
326819,4,4
380014,10,3
197284,5,4
110924,5,2
307686,11,3
95660,5,3
182128,10,3
379883,5,4
364807,3,4
227841,9,2
108675,15,3
477213,5,4
287392,10,4
389590,5,4
34717,1,4
326671,15,4
304652,4,3
147779,10,3
366876,17,4
37888,15,3
103528,2,4
258872,5,4
348742,5,3
322995,3,3
64533,2,4
134224,15,4
82427,10,4
429535,5,3
376098,5,3
16070,15,4
104594,10,4
311551,5,2
78426,12,3
71192,10,3
119316,4,4
269685,14,2
169140,13,4
226895,10,4
18591,5,3
237696,10,2
199806,17,4
265995,11,4
14429,1,4
198155,15,4
484565,5,3
166607,5,4
47251,5,3
252312,10,2
198560,10,4
83098,15,3
62078,15,4
243802,10,4
68011,5,4
4478,0,4
267105,6,3
527834,5,3
149905,5,3
64430,5,4
269982,4,2
422147,10,4
8558,2,3
41375,5,3
175909,15,4
245573,10,4
390251,6,2
10910,10,4
34712,5,4
312252,10,4
56307,10,4
70030,5,4
390722,5,4
81869,10,4
51656,15,3
427175,1,2
334090,3,4
51057,12,4
196297,4,4
91164,2,4
60349,5,4
327017,10,3
189977,3,4
456401,5,3
154562,10,3
31922,15,3
295492,10,4
380995,6,4
92007,2,4
55225,10,4
317684,5,4
345635,15,4
302223,3,4
136409,10,3
297517,5,3
126570,5,3
315755,12,3
298299,5,3
223669,4,3
164369,5,3
172116,2,4
200420,3,4
454539,15,2
32209,11,4
430790,10,4
368893,2,2
93590,5,4
372670,10,4
290321,10,4
348981,6,4
219708,5,4
49573,12,3
373544,5,4
168631,3,3
377446,5,3
94851,5,3
24263,10,4
56560,15,4
124347,1,3
442232,10,2
360505,5,3
169266,5,4
172935,10,4
113019,2,2
244296,5,2
87380,5,2
225412,3,3
55002,15,3
202547,2,3
29225,6,3
338264,10,3
194058,5,4
388185,16,4
101555,15,4
64260,5,3
167802,15,4
260552,10,4
77497,15,4
91092,17,3
92094,8,3
232293,5,4
210633,13,4
63552,4,2
122457,8,3
99248,5,4
181278,3,2
243739,5,3
341904,11,2
243845,5,4
120947,5,3
164636,5,3
215721,3,4
275518,15,4
217025,6,4
209061,5,2
206321,5,4
295099,15,3
264143,17,4
193391,10,4
345762,10,3
202959,13,2
399208,5,4
63262,12,4
8034,0,4
107518,19,4
517501,2,3
391357,5,3
313997,2,3
214525,2,2
87042,5,4
342881,3,3
76906,4,3
3264,0,4
73214,5,4
137657,5,3
122577,5,4
123547,2,4
242551,3,4
78533,12,3
123597,11,4
117938,10,3
223827,5,4
276612,3,4
105454,5,3
303738,2,3
455226,5,3
156167,10,4
306880,2,4
477253,5,4
455259,15,2
79542,2,3
211447,15,4
296295,10,4
352183,5,3
460057,5,4
502009,8,4
49375,10,4
355388,4,3
200248,2,3
81289,5,3
433354,2,4
189415,5,4
150700,8,4
416299,6,4
15019,5,4
81170,1,3
444935,10,4
276479,3,3
231381,15,3
368456,2,4
13721,19,4
331856,10,2
160799,8,4
329466,2,4
171269,16,3
410880,15,3
180971,2,3
263293,10,3
255238,5,3
283287,7,4
242901,4,4
148951,17,2
351564,7,4
410149,5,4
113339,7,4
417607,4,4
321853,5,4
431914,17,4
56724,15,4
376908,15,3
232785,5,3
38609,10,3
220229,3,2
454111,5,4
147470,10,4
62193,15,4
290539,5,3
112632,5,4
258864,5,4
428216,2,3
372080,5,4
188685,5,4
224169,5,3
14646,10,4
423377,15,4
349886,12,3
81753,2,3
101015,15,3
123213,15,3
143583,19,3
255396,15,4
59636,6,3
151018,10,3
221036,1,4
207309,6,4
178079,10,4
67863,14,3
176535,2,3
340372,5,4
150909,5,4
93254,10,3
28407,18,4
429563,5,2
322712,10,4
222022,5,4
13736,2,3
250932,5,4
105136,10,4
221194,5,3
424013,2,4
331019,10,4
58139,8,3
198789,5,3
174554,19,2
133295,2,4
96815,8,4
270144,10,4
119694,5,3
471689,3,3
215806,10,4
148356,10,4
108661,5,4
251401,6,4
78900,15,4
245772,5,3
291841,15,3
239728,17,4
266800,5,4
177241,15,4
295132,10,2
243728,1,2
370403,5,4
159877,2,3
88130,3,4
292899,5,4
456266,15,4
100949,1,4
262659,10,3
175271,3,4
390984,5,4
8875,5,3
44459,10,2
222048,2,4
43987,7,4
210942,12,4
174444,10,4
150527,10,3
460276,4,3
382006,2,4
314337,5,3
345237,1,4
71283,5,4
491868,3,4
163847,2,2
51561,15,3
88454,10,4
106606,10,4
305025,2,4
496609,15,3
200357,5,2
16327,12,4
169142,5,4
98800,6,4
61861,5,3
249519,2,4
271389,8,4
523275,2,3
49724,17,3
447092,2,3
11961,7,4
163845,2,3
18920,15,3
303714,1,2
358116,5,2
423903,16,4
290851,10,4
323900,5,2
354090,2,4
265951,2,3
290974,5,3
77338,12,3
297873,5,3
279346,5,3
192665,5,4
467281,15,3
252507,2,3
347963,19,4
277685,12,3
281336,2,4
270535,5,4
337065,3,3
269767,10,4
12544,10,3
40585,2,4
355804,12,4
259253,5,4
30493,15,3
151593,15,4
128045,5,4
94284,15,3
256609,2,4
154175,10,4
95549,3,4
383146,3,3
126607,5,3
29135,10,3
503424,18,3
171995,9,4
531108,10,4
334221,11,4
294635,10,4
338550,5,3
187688,4,3
31785,18,4
154426,15,4
337509,5,3
107117,6,4
340839,1,4
296745,10,4
143025,5,4
253291,5,4
330200,5,4
176949,8,4
33152,18,4
283248,15,4
172111,2,2
189531,10,4
512979,5,3
274337,15,4
386000,13,3
112261,17,4
135515,15,2
24659,1,3
169947,10,4
443988,5,2
119267,17,4
5298,0,4
202314,5,4
312766,15,4
219927,10,3
61928,7,4
67046,5,2
501919,13,4
67823,5,4
343107,5,3
342900,3,4
218255,5,3
136774,15,3
241515,15,4
67009,5,3
489926,4,3
213531,5,3
53600,15,4
318720,17,2
247778,12,4
322821,10,3
111214,18,4
167962,5,4
528002,7,3
38600,10,4
164078,10,3
359954,6,3
111866,15,4
329230,2,4
55088,2,3
507699,9,4
489589,5,4
38353,10,4
175788,2,3
115300,5,4
169392,2,4
292889,5,4
29942,18,4
14720,5,4
451780,5,3
107079,5,3
61813,7,4
417708,3,4
301903,10,4
4732,0,4
88548,10,3
282045,5,3
215356,10,4
256521,2,3
60406,6,3
284332,15,4
486298,5,4
269774,1,4
476541,7,2
386076,10,3
113366,11,4
59340,15,4
451012,5,4
376481,10,4
191051,10,4
396000,1,2
385361,5,4
58987,15,2
37016,5,3
354234,15,3
169303,4,4
230770,5,3
398055,2,3
126458,17,2
65306,5,4
318409,3,3
2881,0,2
350688,15,4
157873,5,3
386347,5,4
330838,5,3
296466,2,2
10219,5,3
76581,15,3
309067,5,3
364795,5,4
168559,7,3
351324,2,3
161835,5,4
125014,19,4
360835,5,3
468117,3,3
62057,4,4
272670,5,3
115762,13,4
290047,5,4
222563,1,3
293947,5,4
67950,10,3
97829,2,3
115136,10,4
149474,5,4
188173,5,2
377003,5,3
179086,5,2
92405,19,3
83675,10,4
310267,15,3
4337,0,4
100746,1,2
435545,10,3
162122,15,4
414823,5,3
232904,5,4
261256,5,2
140265,3,4
340071,4,3
65960,2,3
61610,2,3
188012,2,3
171750,15,4
495641,10,4
230195,5,4
281669,10,3
222965,5,2
429187,5,3
38461,5,2
125627,10,3
157430,3,4
503984,10,3
267465,2,4
222206,10,4
120818,5,4
58014,5,4
33125,15,4
318828,3,3
50870,5,4
106986,6,2
141092,5,3
375606,5,3
287031,15,4
156862,5,4
241726,5,2
116298,3,4
217179,13,3
7577,0,3
403485,10,2
323456,16,3
385668,10,4
231487,10,4
183997,15,4
396839,18,4
25226,2,4
486771,10,2
281313,13,4
304815,10,4
426162,2,2
458359,10,4
427188,2,4
293261,5,3
459985,5,3
455580,10,4
140001,13,2
183000,15,4
379503,10,2
191915,2,3
229425,5,4
109516,10,3
144756,5,2
244151,2,4
219556,5,3
477759,5,4
262686,5,3
114207,13,4
37326,5,4
224546,4,4
432272,15,2
289829,8,4
54241,5,4
14584,5,4
377965,2,3
176878,6,4
259484,3,3
52347,15,4
253962,5,4
311862,15,3
1902,0,3
38659,5,4
24747,3,2
143644,5,2
270326,4,4
237242,15,4
140897,6,4
322906,10,2
369772,1,2
48298,10,3
77367,15,3
143058,6,2
222785,10,3
204552,5,4
320419,5,4
104303,8,3
425212,10,4
276095,6,4
153797,13,3
65521,10,2
137296,5,3
127556,3,4
284149,5,4
307031,3,2
189120,10,4
43347,5,2
47258,10,3
192329,10,3
397232,10,4
4807,0,3
26638,12,4
154071,6,3
226642,5,3
154651,10,4
133861,7,2
35669,5,3
66832,3,3
190926,15,3
331399,9,3
388651,15,2
186883,5,3
179070,10,2
191159,15,3
29462,5,4
358496,2,3
272105,7,4
109327,10,4
346922,13,3
119020,5,4
177828,5,3
200090,10,4
341113,5,2
94540,6,3
16658,3,4
130676,3,2
231517,5,2
399644,5,4
138504,10,4
249032,5,3
377343,10,3
214527,3,3
78093,5,2
180855,10,3
274192,15,4
379157,5,4
368288,10,4
224223,2,4
8548,15,3
82227,11,4
442917,9,1
121471,10,2
315848,2,2
216271,4,4
262538,5,3
215132,3,4
214564,1,2
286617,7,4
36710,15,3
449023,10,4
139513,5,3
365700,10,3
198745,10,3
261614,5,2
315163,10,3
342195,15,4
256471,7,4
172210,10,4
256298,5,4
111902,3,4
157203,13,4
347150,10,4
124521,10,2
49963,5,3
46708,10,2
277433,3,3
175792,5,3
12586,7,4
436255,10,2
56885,15,3
215323,10,3
276622,2,3
425146,5,2
391727,3,3
306049,17,3
403873,14,3
214866,5,2
177104,15,4
161059,5,3
73353,10,3
454319,10,4
359506,1,3
157994,15,4
165576,15,4
263988,5,4
236427,5,4
55913,2,3
269571,6,3
166758,3,4
313602,5,3
58594,5,4
273849,10,4
154717,5,4
220909,2,3
257335,5,3
109248,15,2
457391,10,4
206616,10,4
123734,5,3
325077,13,3
242885,5,4
341185,5,2
253362,5,2
286680,10,3
76268,15,4
288924,10,4
34319,2,4
162931,15,4
274465,2,4
425435,2,4
110179,10,4
319343,10,4
157654,4,3
455353,15,4
68688,2,2
163599,11,4
405281,5,4
61471,5,3
372780,2,3
188778,5,2
47677,15,3
308154,10,4
285809,10,2
55037,10,4
413152,4,2
15357,15,4
463020,15,4
307777,4,4
346981,5,2
88680,5,3
170671,15,3
48661,12,4
34121,5,3
22498,5,4
46595,5,3
164176,5,4
431128,5,3
343921,7,3
343832,5,4
247824,10,4
121786,18,4
24413,5,3
9988,5,4
293476,10,4
232665,2,3
250783,2,4
324665,7,4
283958,5,4
157585,1,2
261885,3,3
216002,7,2
279951,15,4
417056,10,4
424134,2,3
25779,10,4
114084,5,4
152347,10,4
270484,10,3
310664,1,4
85658,10,4
398130,5,4
291025,5,4
425782,10,3
180569,17,2
60451,1,3
422485,2,4
36556,5,4
209747,15,3
183441,2,4
429739,10,3
472115,10,3
401461,5,4
473981,15,4
468583,2,3
401928,5,4
288194,10,3
229706,15,4
334309,10,4
310012,5,3
61864,10,4
224629,5,4
302750,10,3
98602,5,4
203707,3,3
190801,16,4
101039,10,3
421628,5,4
13845,5,2
129020,5,4
274078,15,4
29126,5,4
55249,19,3
401145,5,4
46942,5,4
155043,5,3
309837,5,3
340753,1,3
469334,5,4
101611,11,3
23402,11,4
168574,5,3
22046,10,2
89857,10,4
448566,12,4
375440,15,4
55045,1,3
145344,5,4
36220,5,3
230140,10,4
332790,5,3
189602,5,2
19952,10,3
341350,8,2
46632,0,4
286015,4,4
128026,7,4
395848,10,4
516377,5,1
180081,10,4
254519,2,4
324501,17,3
332217,4,4
113944,15,4
876,2,4
62515,1,2
304660,10,4
136279,10,4
143471,5,4
151138,5,3
259226,2,4
26365,15,3
169913,5,4
70905,15,2
131440,5,3
22992,1,3
333474,5,4
251755,2,2
234770,10,4
338905,5,2
470504,2,4
32212,2,4
107734,10,4
285793,5,4
55413,15,3
433514,5,4
46412,12,3
163351,10,3
436795,5,4
309064,6,4
315040,2,4
34135,5,3
87153,5,4
90821,5,3
310922,15,4
493131,5,4
350062,10,3
172184,15,3
326857,5,3
401699,2,3
320558,10,3
222726,10,4
409064,5,2
283725,18,4
260015,10,4
205909,5,3
293321,10,4
249576,5,4
131196,5,3
12932,5,3
224864,10,3
96629,10,3
209744,10,3
242002,5,4
397123,2,4
52236,8,4
109845,10,4
351098,1,3
339388,3,4
276518,7,4
122077,10,4
64252,15,2
64352,10,4
83437,15,4
242695,10,4
128200,15,4
468252,5,2
301909,5,3
473673,5,3
427585,5,4
115095,5,2
276593,2,3
386195,5,4
185789,5,3
387368,10,4
42840,4,3
239013,2,4
419682,17,4
491050,15,3
232903,1,4
145435,5,3
189141,15,4
367912,5,4
27491,10,4
200350,5,3
122863,10,3
190274,13,4
195437,4,3
33163,2,3
277087,5,3
410749,6,4
375771,10,3
470688,10,4
75018,5,3
4495,5,4
13363,10,2
318841,15,4
10114,10,4
452112,5,4
225258,10,4
101275,5,3
177878,3,4
408718,15,3
429769,2,2
240265,5,2
329172,3,4
239415,10,3
218900,15,4
470030,15,3
110815,15,4
42793,5,4
344499,10,2
244564,5,3
3752,0,4
194433,5,4
169582,10,4
26491,6,3
234585,5,4
111567,15,4
130623,5,4
415956,2,4
63779,18,3
133347,2,4
280107,8,3
375564,13,3
462657,16,3
113096,5,3
134135,3,3
403559,5,4
298162,10,4
372779,10,4
285447,13,4
345704,10,4
62507,15,4
301717,5,4
122726,5,3
434769,2,4
29625,8,4
237566,5,4
3572,0,4
432013,15,4
225681,5,3
319764,5,3
178010,10,3
68985,7,4
424478,5,4
263563,2,4
309454,15,4
200793,8,4
288861,4,3
153574,5,4
299795,5,4
148254,10,4
99228,17,3
467727,7,3
62282,2,2
330675,7,3
377017,10,4
126184,10,4
402502,7,4
334613,5,2
145784,4,4
103341,13,4
117135,2,3
328687,15,3
154883,10,4
201484,12,2
39956,5,3
32614,15,4
446231,10,2
132652,15,4
198507,5,2
253056,5,4
299068,5,4
417096,5,4
42038,15,3
323231,17,4
166778,1,2
65999,5,4
96989,15,4
27400,5,4
536728,2,3
484370,8,3
306176,10,3
358514,4,3
299654,5,4
14111,5,4
67017,5,2
171777,5,4
237967,5,4
176153,15,4
99422,5,4
423594,10,4
201304,5,2
299079,9,4
97833,13,4
447931,15,3
123542,10,3
341560,2,3
90596,15,3
125848,15,2
67544,10,3
323072,16,3
28603,10,2
61516,10,3
155358,5,4
433196,15,4
314099,1,2
489591,5,4
2539,0,4
347645,10,2
345997,10,3
242235,5,4
155921,1,2
224704,3,2
361252,15,4
320265,5,4
257444,5,4
167763,4,4
88812,5,2
293318,10,3
43529,5,3
278982,10,3
343105,10,4
9861,8,3
37974,5,3
323300,5,4
457699,3,4
8730,3,4
483738,12,4
14147,10,2
261317,15,4
143734,15,3
371084,15,4
385614,10,4
304377,5,4
27199,5,4
258945,5,3
429279,13,4
143278,5,3
87008,11,4
77371,6,3
456586,15,4
420725,5,3
128811,15,4
370915,5,4
